date,close,source,ret,dow,year
2021-08-03,151.689645,FRED,0.017638224050438456,1,2021
2021-08-04,152.252928,FRED,0.37065136306286767,2,2021
2021-08-05,152.870775,FRED,0.4049818734952814,3,2021
2021-08-06,152.908206,FRED,0.024482389250276983,4,2021
2021-08-09,152.7183,FRED,-0.1242732686546968,0,2021
2021-08-10,152.98736,FRED,0.1760255727509582,1,2021
2021-08-11,153.177702,FRED,0.12433948098421518,2,2021
2021-08-12,152.660988,FRED,-0.33790001627188854,3,2021
2021-08-13,152.08057499999998,FRED,-0.38092191699048683,4,2021
2021-08-16,151.314174,FRED,-0.5052181243706326,0,2021
2021-08-17,150.565701,FRED,-0.49587574110404276,1,2021
2021-08-18,151.129008,FRED,0.3734289252023945,2,2021
2021-08-19,150.061175,FRED,-0.7090785386910669,3,2021
2021-08-20,149.561625,FRED,-0.33345290336923894,4,2021
2021-08-23,150.585226,FRED,0.6820694369480305,0,2021
2021-08-24,150.437088,FRED,-0.09842327632803177,1,2021
2021-08-25,150.994169,FRED,0.3696243314584732,2,2021
2021-08-26,150.955408,FRED,-0.02567382315816623,3,2021
2021-08-27,151.238696,FRED,0.18748749842152432,4,2021
2021-08-30,151.21417799999998,FRED,-0.016212773731970064,0,2021
2021-08-31,151.285735,FRED,0.047310427712228285,1,2021
2021-09-01,151.73137,FRED,0.29413212252781157,2,2021
2021-09-02,152.088825,FRED,0.23530704727110938,3,2021
2021-09-03,151.982968,FRED,-0.0696263229364969,4,2021
2021-09-07,151.946464,FRED,-0.024021365706724952,1,2021
2021-09-08,151.811352,FRED,-0.08896035051197734,2,2021
2021-09-09,152.07248,FRED,0.1718604524325853,3,2021
2021-09-10,152.22007100000002,FRED,0.09700599708325618,4,2021
2021-09-13,152.200936,FRED,-0.012571405773715114,0,2021
2021-09-14,151.857168,FRED,-0.22612003558016486,1,2021
2021-09-15,151.37678,FRED,-0.316843417468242,2,2021
2021-09-16,151.18009500000002,FRED,-0.13001524272504575,3,2021
2021-09-17,151.22247,FRED,0.028025556117436824,4,2021
2021-09-20,149.492232,FRED,-1.150763220044666,0,2021
2021-09-21,149.377579,FRED,-0.07672438058612377,1,2021
2021-09-22,149.798571,FRED,0.2814343843072707,2,2021
2021-09-23,151.428665,FRED,1.0823124323365831,3,2021
2021-09-24,151.476032,FRED,0.03127518381538742,4,2021
2021-09-27,152.162064,FRED,0.4518755560559788,0,2021
2021-09-28,150.70742099999998,FRED,-0.9605815423631309,1,2021
2021-09-29,150.288337,FRED,-0.27846523392408035,2,2021
2021-09-30,150.1905,FRED,-0.06512072825782031,3,2021
2021-10-01,150.608484,FRED,0.27791601120101,4,2021
2021-10-04,150.900588,FRED,0.1937613946079307,0,2021
2021-10-05,151.93596000000002,FRED,0.6837853891879184,1,2021
2021-10-06,151.06367699999998,FRED,-0.5757666367983012,2,2021
2021-10-07,152.01909999999998,FRED,0.6304720936335252,3,2021
2021-10-08,152.86045000000001,FRED,0.5519242833891829,4,2021
2021-10-12,154.675245,FRED,1.1802311701566015,1,2021
2021-10-13,154.857105,FRED,0.11750630971246305,2,2021
2021-10-14,155.43655600000002,FRED,0.3734859885339281,3,2021
2021-10-15,157.244836,FRED,1.1566407249018038,4,2021
2021-10-18,156.778372,FRED,-0.29708908845470056,0,2021
2021-10-19,157.772589,FRED,0.6321521369477947,1,2021
2021-10-20,157.891104,FRED,0.07508941205263249,2,2021
2021-10-21,157.1115,FRED,-0.49498358543582255,3,2021
2021-10-22,156.01531400000002,FRED,-0.7001575266588104,4,2021
2021-10-25,156.59901,FRED,0.37342925994674414,0,2021
2021-10-26,157.26246799999998,FRED,0.4227718498148987,1,2021
2021-10-27,156.28112499999997,FRED,-0.6259711416963063,2,2021
2021-10-28,156.509752,FRED,0.14618523590437235,3,2021
2021-10-29,156.06145800000002,FRED,-0.28684299323414253,4,2021
2021-11-01,156.20050099999997,FRED,0.08905536212905805,0,2021
2021-11-02,154.87733599999999,FRED,-0.8507021859703239,1,2021
2021-11-03,155.79455399999998,FRED,0.59047547879869,2,2021
2021-11-04,153.33232199999998,FRED,-1.5930572613996223,3,2021
2021-11-05,153.055395,FRED,-0.1807690452620361,4,2021
2021-11-08,153.465345,FRED,0.2674861377593501,0,2021
2021-11-09,152.950137,FRED,-0.33628097520124073,1,2021
2021-11-10,153.40983,FRED,0.3001001400420537,2,2021
2021-11-12,152.76268,FRED,-0.42273616514139095,4,2021
2021-11-15,153.207824,FRED,0.29097204354481254,0,2021
2021-11-16,153.923198,FRED,0.4658437230063104,1,2021
2021-11-17,154.208304,FRED,0.18505480907484195,2,2021
2021-11-18,154.071358,FRED,-0.08884530891186736,3,2021
2021-11-19,153.347594,FRED,-0.47086578919930216,4,2021
2021-11-22,153.822228,FRED,0.3090371148146814,0,2021
2021-11-23,153.935224,FRED,0.07343185638118913,1,2021
2021-11-24,153.771288,FRED,-0.10655349114652982,2,2021
2021-11-26,151.151412,FRED,-1.7184292743351066,4,2021
2021-11-29,151.185125,FRED,0.02230163808467645,0,2021
2021-11-30,150.039144,FRED,-0.7608859224092217,1,2021
2021-12-01,150.14085599999999,FRED,0.06776734218969768,2,2021
2021-12-02,150.47955,FRED,0.22533010836669481,3,2021
2021-12-03,149.385392,FRED,-0.729770441730093,4,2021
2021-12-06,150.158412,FRED,0.5161326695698414,0,2021
2021-12-07,150.374196,FRED,0.143601081105425,1,2021
2021-12-08,150.665388,FRED,0.19345767553121698,2,2021
2021-12-09,149.723364,FRED,-0.6272053010564175,3,2021
2021-12-10,150.338032,FRED,0.4096953943174027,4,2021
2021-12-13,150.088686,FRED,-0.1659945952306616,0,2021
2021-12-14,150.275675,FRED,0.1245081297486453,1,2021
2021-12-15,150.41496199999997,FRED,0.0926447270538264,2,2021
2021-12-16,151.465275,FRED,0.6958502805708218,3,2021
2021-12-17,150.682764,FRED,-0.5179664591457555,4,2021
2021-12-20,150.00359,FRED,-0.45174990218326244,0,2021
2021-12-21,151.229983,FRED,0.8142517207892821,1,2021
2021-12-22,152.42659,FRED,0.7881358748074376,2,2021
2021-12-23,153.43722,FRED,0.6608390040765527,3,2021
2021-12-27,154.33543,FRED,0.5836857499095764,0,2021
2021-12-28,154.13219999999998,FRED,-0.13176749171714208,1,2021
2021-12-29,154.92207499999998,FRED,0.5111572844815323,2,2021
2021-12-30,155.4795,FRED,0.35916415644903465,3,2021
2022-01-03,155.257163,FRED,-0.14310318956008328,0,2022
2022-01-04,157.272928,FRED,1.289983275766434,1,2022
2022-01-05,157.32464299999998,FRED,0.032876922921822205,2,2022
2022-01-06,156.75454200000001,FRED,-0.36303050526491326,3,2022
2022-01-07,157.033063,FRED,0.17752203637514957,4,2022
2022-01-10,156.210438,FRED,-0.525231577674882,0,2022
2022-01-11,157.170636,FRED,0.6128008897034808,1,2022
2022-01-12,157.170852,FRED,0.00013743015685492148,2,2022
2022-01-13,156.535944,FRED,-0.404778522484239,3,2022
2022-01-14,155.68763,FRED,-0.5434029702478118,4,2022
2022-01-18,155.71848,FRED,0.019813355685861487,1,2022
2022-01-19,155.7065,FRED,-0.00769366670964944,2,2022
2022-01-20,155.627936,FRED,-0.050469201336667956,3,2022
2022-01-21,154.227064,FRED,-0.9042174854063935,4,2022
2022-01-24,153.053754,FRED,-0.763676502773876,0,2022
2022-01-25,153.68105999999997,FRED,0.40902228630937965,1,2022
2022-01-26,154.528428,FRED,0.5498663526117444,2,2022
2022-01-27,154.556595,FRED,0.01822605301581375,3,2022
2022-01-28,154.57725699999997,FRED,0.013367672221655977,4,2022
2022-01-31,154.84415800000002,FRED,0.1725162210867616,0,2022
2022-02-01,154.996885,FRED,0.09858410679915831,1,2022
2022-02-02,155.12934,FRED,0.08542006278504259,2,2022
2022-02-03,156.25977600000002,FRED,0.7260632488354847,3,2022
2022-02-04,156.042446,FRED,-0.1391793075889637,4,2022
2022-02-07,155.751297,FRED,-0.18675749027031707,0,2022
2022-02-08,156.688224,FRED,0.5997511489260212,1,2022
2022-02-09,156.30576000000002,FRED,-0.24439076142840824,2,2022
2022-02-10,157.95942399999998,FRED,1.0524100963318401,3,2022
2022-02-11,157.649191,FRED,-0.19659355617928143,4,2022
2022-02-14,156.407152,FRED,-0.790969839129217,0,2022
2022-02-15,156.564996,FRED,0.10086777011412831,1,2022
2022-02-16,156.784485,FRED,0.14009216495052898,2,2022
2022-02-17,156.716872,FRED,-0.04313410423183959,3,2022
2022-02-18,156.33618,FRED,-0.24321257066477012,4,2022
2022-02-22,156.283918,FRED,-0.03343483085139291,1,2022
2022-02-23,156.04516,FRED,-0.15288877234031745,2,2022
2022-02-24,154.24120000000002,FRED,-1.1627841620737134,3,2022
2022-02-25,155.01173400000002,FRED,0.4983206364750205,4,2022
2022-02-28,154.46610900000002,FRED,-0.35261042279627536,0,2022
2022-03-01,152.983866,FRED,-0.9642248200048102,1,2022
2022-03-02,154.48603500000002,FRED,0.9771239051314851,2,2022
2022-03-03,154.141842,FRED,-0.2230473449402802,3,2022
2022-03-04,151.49851,FRED,-1.7297440536048074,4,2022
2022-03-07,151.360215,FRED,-0.09132641604570045,0,2022
2022-03-08,151.499964,FRED,0.09228615685284351,1,2022
2022-03-09,152.48492000000002,FRED,0.648031858646321,2,2022
2022-03-10,152.11834,FRED,-0.24069353491280276,3,2022
2022-03-11,152.941604,FRED,0.5397404771097233,4,2022
2022-03-14,153.9192,FRED,0.6371614064625908,0,2022
2022-03-15,154.415235,FRED,0.32175156039877234,1,2022
2022-03-16,155.16140800000002,FRED,0.4820612031652274,2,2022
2022-03-17,155.868355,FRED,0.45458557444207115,3,2022
2022-03-18,156.93497299999999,FRED,0.6819762057999701,4,2022
2022-03-21,157.289915,FRED,0.2259160012575917,0,2022
2022-03-22,159.97102800000002,FRED,1.6902028988441786,1,2022
2022-03-23,159.89162399999998,FRED,-0.049648810909708456,2,2022
2022-03-24,160.938064,FRED,0.652335958926131,3,2022
2022-03-25,160.928214,FRED,-0.006120554202994332,4,2022
2022-03-28,161.346575,FRED,0.25963013508117094,0,2022
2022-03-29,160.925625,FRED,-0.2612389398778406,1,2022
2022-03-30,160.378353,FRED,-0.34065717620542824,2,2022
2022-03-31,159.717888,FRED,-0.4126670998784958,3,2022
2022-04-01,160.77764,FRED,0.6613233382394865,4,2022
2022-04-04,160.93332,FRED,0.09678253557290016,0,2022
2022-04-05,161.771148,FRED,0.5192552106224539,1,2022
2022-04-06,161.82434,FRED,0.03287561319709743,2,2022
2022-04-07,161.68280000000001,FRED,-0.08750348386823958,3,2022
2022-04-08,162.000792,FRED,0.19648330045872764,4,2022
2022-04-11,163.629315,FRED,1.0002371048808787,0,2022
2022-04-12,163.21327499999998,FRED,-0.25458140244336913,1,2022
2022-04-13,164.06667199999998,FRED,0.5215100662258735,2,2022
2022-04-14,164.350784,FRED,0.17301886101655697,3,2022
2022-04-15,165.036646,FRED,0.4164475804275083,4,2022
2022-04-18,165.041863,FRED,0.0031610661452972483,0,2022
2022-04-19,167.230695,FRED,1.317510946542511,1,2022
2022-04-20,166.79068,FRED,-0.2634653273471255,2,2022
2022-04-21,167.746204,FRED,0.5712533619878558,3,2022
2022-04-22,165.456544,FRED,-1.3743560363284284,4,2022
2022-04-25,162.102668,FRED,-2.047869873827398,0,2022
2022-04-26,160.702729,FRED,-0.8673633028897074,1,2022
2022-04-27,161.15366799999998,FRED,0.28021148516033884,2,2022
2022-04-28,162.928642,FRED,1.0953956407563659,3,2022
2022-04-29,163.14396,FRED,0.13206753954518152,4,2022
2022-05-02,163.024414,FRED,-0.07330324757544938,0,2022
2022-05-03,162.74258999999998,FRED,-0.17302186338493608,1,2022
2022-05-04,162.29353899999998,FRED,-0.2763085365782297,2,2022
2022-05-05,160.847694,FRED,-0.8948747488393546,3,2022
2022-05-06,160.90403999999998,FRED,0.03502452022588973,4,2022
2022-05-09,160.811395,FRED,-0.05759437843628469,0,2022
2022-05-10,160.32757300000003,FRED,-0.30131651046358865,1,2022
2022-05-11,160.36733999999998,FRED,0.024800518244441995,2,2022
2022-05-12,156.25637999999998,FRED,-2.5968938956862972,3,2022
2022-05-13,158.203366,FRED,1.238321218902495,4,2022
2022-05-16,158.46705000000003,FRED,0.16653532986918024,0,2022
2022-05-17,161.223708,FRED,1.7246205948181,1,2022
2022-05-18,158.94151200000002,FRED,-1.425660572823769,2,2022
2022-05-19,159.576048,FRED,0.3984313074763006,3,2022
2022-05-20,159.722712,FRED,0.09186632000366007,4,2022
2022-05-23,160.632238,FRED,0.5678254347478364,0,2022
2022-05-24,158.756864,FRED,-1.1743641479495395,1,2022
2022-05-25,159.634009,FRED,0.5509876654558912,2,2022
2022-05-26,160.080786,FRED,0.27948490204921145,3,2022
2022-05-27,160.361682,FRED,0.17531763108719078,4,2022
2022-05-31,162.256272,FRED,1.174523461224004,1,2022
2022-06-01,162.24824800000002,FRED,-0.004945385661566536,2,2022
2022-06-02,163.027531,FRED,0.4791531010045807,3,2022
2022-06-03,163.335216,FRED,0.1885540515801677,4,2022
2022-06-06,165.01632,FRED,1.023974919956312,0,2022
2022-06-07,166.908282,FRED,1.1400073864784663,1,2022
2022-06-08,168.339142,FRED,0.8536194977500147,2,2022
2022-06-09,167.72246600000003,FRED,-0.3670021671563815,3,2022
2022-06-10,165.45627000000002,FRED,-1.3603694975955265,4,2022
2022-06-13,163.22404000000003,FRED,-1.3583194691655671,0,2022
2022-06-14,162.016379,FRED,-0.7426300543522198,1,2022
2022-06-15,162.16665,FRED,0.09270751231260616,2,2022
2022-06-16,162.469265,FRED,0.18643352362972718,3,2022
2022-06-17,164.884314,FRED,1.4755255303860735,4,2022
2022-06-21,167.274125,FRED,1.438983302483068,1,2022
2022-06-22,167.0694,FRED,-0.1224638793804609,2,2022
2022-06-23,164.89728,FRED,-1.3086560370055127,3,2022
2022-06-24,165.955506,FRED,0.6396981699706573,4,2022
2022-06-27,166.43742999999998,FRED,0.28997267119098274,0,2022
2022-06-28,166.15179999999998,FRED,-0.17176146697362424,1,2022
2022-06-29,165.86115,FRED,-0.17508357685876036,2,2022
2022-06-30,165.026178,FRED,-0.5046876695709751,3,2022
2022-07-01,162.75643200000002,FRED,-1.3849314816651583,4,2022
2022-07-05,161.941104,FRED,-0.5022087470596436,1,2022
2022-07-06,161.530362,FRED,-0.253958858156002,2,2022
2022-07-07,163.10640600000002,FRED,0.9709660380214332,3,2022
2022-07-08,163.882176,FRED,0.47449452256768954,4,2022
2022-07-11,163.471203,FRED,-0.2510884214311122,0,2022
2022-07-12,162.71753999999999,FRED,-0.4621032192634489,1,2022
2022-07-13,163.695546,FRED,0.5992461507184956,2,2022
2022-07-14,164.324338,FRED,0.3833869840612879,3,2022
2022-07-15,164.302449,FRED,-0.013321494715763755,4,2022
2022-07-18,165.723947,FRED,0.8614503615225255,0,2022
2022-07-19,165.831468,FRED,0.06485854183329244,1,2022
2022-07-20,165.640024,FRED,-0.11551160561757015,2,2022
2022-07-21,165.086592,FRED,-0.33467673286732263,3,2022
2022-07-22,163.602628,FRED,-0.9029648631909798,4,2022
2022-07-25,164.63822399999998,FRED,0.6309997246234513,0,2022
2022-07-26,164.435832,FRED,-0.12300697780893424,1,2022
2022-07-27,165.142737,FRED,0.4289757590637968,2,2022
2022-07-28,163.03406999999999,FRED,-1.2850975297727474,3,2022
2022-07-29,162.338475,FRED,-0.42756899461882764,4,2022
2022-08-01,161.82404000000002,FRED,-0.31739353445127283,0,2022
2022-08-02,161.668576,FRED,-0.09611595707552241,1,2022
2022-08-03,162.78717600000002,FRED,0.6895266458120397,2,2022
2022-08-04,161.815248,FRED,-0.5988438980705958,3,2022
2022-08-05,163.22151300000002,FRED,0.8653013709149391,4,2022
2022-08-08,162.996354,FRED,-0.13804212370413685,0,2022
2022-08-09,163.141055,FRED,0.08873622313895543,1,2022
2022-08-10,162.34421,FRED,-0.4896360466491883,2,2022
2022-08-11,162.24318,FRED,-0.06225134208857182,3,2022
2022-08-12,162.047124,FRED,-0.12091389811422265,4,2022
2022-08-15,160.95417,FRED,-0.6767515744821508,0,2022
2022-08-16,162.46542,FRED,0.93455130481781,1,2022
2022-08-17,162.8862,FRED,0.25866183460568914,2,2022
2022-08-18,161.94213,FRED,-0.5812748279611475,3,2022
2022-08-19,161.80881,FRED,-0.0823596110862456,4,2022
2022-08-22,161.67226399999998,FRED,-0.0844228729807947,0,2022
2022-08-23,161.504784,FRED,-0.10364598354331366,1,2022
2022-08-24,161.59298399999997,FRED,0.05459647879142568,2,2022
2022-08-25,161.500449,FRED,-0.05728064583106863,3,2022
2022-08-26,161.441046,FRED,-0.036788707298194126,4,2022
2022-08-29,162.575532,FRED,0.7002670314083365,0,2022
2022-08-30,161.634323,FRED,-0.5806187749313922,1,2022
2022-08-31,161.532243,FRED,-0.06317485416797299,2,2022
2022-09-01,161.493213,FRED,-0.02416527828687708,3,2022
2022-09-02,162.18274599999998,FRED,0.4260644165393906,4,2022
2022-09-06,165.092955,FRED,1.7784917729987624,1,2022
2022-09-07,165.65864699999997,FRED,0.3420648898862405,2,2022
2022-09-08,165.49904500000002,FRED,-0.09639033983680952,3,2022
2022-09-09,165.23039999999997,FRED,-0.16245608798696445,4,2022
2022-09-12,166.633941,FRED,0.8458572946261468,0,2022
2022-09-13,166.32018000000002,FRED,-0.18847106738572222,1,2022
2022-09-14,165.284252,FRED,-0.6247994719176432,2,2022
2022-09-15,164.70350399999998,FRED,-0.3519819078256572,3,2022
2022-09-16,163.33737599999998,FRED,-0.8329058852152161,4,2022
2022-09-19,163.450602,FRED,0.06929630962797674,0,2022
2022-09-20,163.82142,FRED,0.2266115853238767,1,2022
2022-09-21,163.31061999999997,FRED,-0.31229005580235747,2,2022
2022-09-22,160.200104,FRED,-1.9230347719601582,3,2022
2022-09-23,156.366878,FRED,-2.421865563297788,4,2022
2022-09-26,154.60483499999998,FRED,-1.133261826914771,0,2022
2022-09-27,155.606663,FRED,0.6459022243807778,1,2022
2022-09-28,156.14328,FRED,0.34426150960397983,2,2022
2022-09-29,159.58836,FRED,2.18237027649048,3,2022
2022-09-30,161.120114,FRED,0.955238649198214,4,2022
2022-10-03,162.8804,FRED,1.086605263764857,0,2022
2022-10-04,165.188672,FRED,1.4072098152358017,1,2022
2022-10-05,163.18307499999997,FRED,-1.221555726296895,2,2022
2022-10-06,161.36170199999998,FRED,-1.1224288610549633,3,2022
2022-10-07,161.393204,FRED,0.01952069481480672,4,2022
2022-10-11,162.55024,FRED,0.7143474835795195,1,2022
2022-10-12,162.966952,FRED,0.25603085666526443,2,2022
2022-10-13,166.92696,FRED,2.400891969095215,3,2022
2022-10-14,166.393968,FRED,-0.319807374514677,4,2022
2022-10-17,169.93091700000002,FRED,2.1033706141062267,0,2022
2022-10-18,168.734361,FRED,-0.7066333968684263,1,2022
2022-10-19,168.221664,FRED,-0.3043111608725202,2,2022
2022-10-20,169.116816,FRED,0.5307156782490166,3,2022
2022-10-21,165.25842,FRED,-2.3079264541111955,4,2022
2022-10-24,168.02442,FRED,1.6598895447698145,0,2022
2022-10-25,169.569165,FRED,0.9151570704035769,1,2022
2022-10-26,170.15975,FRED,0.34768049986227995,2,2022
2022-10-27,169.00354800000002,FRED,-0.6817992899907669,3,2022
2022-10-28,170.910064,FRED,1.1217767840895871,4,2022
2022-10-31,171.14744499999998,FRED,0.13879598129691903,0,2022
2022-11-01,169.73406,FRED,-0.8292577207977301,1,2022
2022-11-02,168.69103700000002,FRED,-0.6164000907186762,2,2022
2022-11-03,165.709694,FRED,-1.783143228372571,3,2022
2022-11-04,166.04943799999998,FRED,0.2048137253777281,4,2022
2022-11-07,168.093432,FRED,1.2234404375982773,0,2022
2022-11-08,168.56811,FRED,0.28199140996621025,1,2022
2022-11-09,166.55254,FRED,-1.202906657106752,2,2022
2022-11-10,165.55650599999998,FRED,-0.5998252672467568,3,2022
2022-11-14,164.69630400000003,FRED,-0.520936639606445,0,2022
2022-11-15,165.69904000000002,FRED,0.6069934682498467,1,2022
2022-11-16,165.958551,FRED,0.15649335941912698,2,2022
2022-11-17,165.89954,FRED,-0.03556399691455245,3,2022
2022-11-18,166.663706,FRED,0.4595621158417061,4,2022
2022-11-21,167.288075,FRED,0.37392807167286124,0,2022
2022-11-22,167.85251999999997,FRED,0.3368410405140522,1,2022
2022-11-23,168.27103999999997,FRED,0.24902759942607655,2,2022
2022-11-25,168.471942,FRED,0.11932068941297443,4,2022
2022-11-28,166.972547,FRED,-0.8939809924750849,0,2022
2022-11-29,165.880688,FRED,-0.6560626735668355,1,2022
2022-11-30,166.642622,FRED,0.4582748400312373,2,2022
2022-12-01,166.07586000000003,FRED,-0.34068594252952256,3,2022
2022-12-02,165.80678799999998,FRED,-0.16214891653771416,4,2022
2022-12-05,166.16769500000004,FRED,0.2174306524550731,0,2022
2022-12-06,166.76473399999998,FRED,0.3586551431992432,1,2022
2022-12-07,166.533458,FRED,-0.13878025304121,2,2022
2022-12-08,166.946575,FRED,0.24776128730249852,3,2022
2022-12-09,167.92204,FRED,0.5825973025857203,4,2022
2022-12-12,168.881895,FRED,0.5699800381631186,0,2022
2022-12-13,167.23575,FRED,-0.979513087768844,1,2022
2022-12-14,167.44595999999999,FRED,0.12561787594687868,2,2022
2022-12-15,168.34515199999998,FRED,0.5355675699434823,3,2022
2022-12-16,166.15404000000004,FRED,-1.31010381609801,4,2022
2022-12-19,166.70766,FRED,0.3326429628219886,0,2022
2022-12-20,159.209768,FRED,-4.601911119892852,1,2022
2022-12-21,159.78499200000002,FRED,0.3606483212961917,2,2022
2022-12-22,159.231488,FRED,-0.34700687275617614,3,2022
2022-12-23,160.053012,FRED,0.514604256046818,4,2022
2022-12-27,160.542976,FRED,0.30565846099478583,1,2022
2022-12-28,161.580518,FRED,0.6441911920963401,2,2022
2022-12-29,160.59096,FRED,-0.6143070876913266,3,2022
2022-12-30,159.186937,FRED,-0.878129498825096,4,2022
2023-01-03,156.60351000000003,FRED,-1.636201892494581,1,2023
2023-01-04,159.2316,FRED,1.6642549076950786,2,2023
2023-01-05,158.975014,FRED,-0.16127009579431978,3,2023
2023-01-06,159.498144,FRED,0.3285240575931341,4,2023
2023-01-09,160.606548,FRED,0.692528699254947,0,2023
2023-01-10,160.749875,FRED,0.08920127263404626,1,2023
2023-01-11,160.75325,FRED,0.0020995130296927412,2,2023
2023-01-12,158.06144999999998,FRED,-1.6886699176501683,3,2023
2023-01-13,155.90028999999998,FRED,-1.3767245237470875,4,2023
2023-01-17,157.199952,FRED,0.8301938422773859,1,2023
2023-01-18,158.879805,FRED,1.0629398303171502,2,2023
2023-01-19,158.87836799999997,FRED,-0.0009044613936919648,3,2023
2023-01-20,160.824878,FRED,1.2177130367465916,4,2023
2023-01-23,161.66353,FRED,0.5201141311046873,0,2023
2023-01-24,160.285261,FRED,-0.8562090981705652,1,2023
2023-01-25,160.41653599999998,FRED,0.08186733505082153,2,2023
2023-01-26,161.30480000000003,FRED,0.5521960514805826,3,2023
2023-01-27,160.852726,FRED,-0.28065418948912096,4,2023
2023-01-30,161.26968200000002,FRED,0.25888061340150953,0,2023
2023-01-31,160.421508,FRED,-0.527323092328271,1,2023
2023-02-01,159.105516,FRED,-0.8237171457138731,2,2023
2023-02-02,157.47969999999998,FRED,-1.0271043691693895,3,2023
2023-02-03,158.240811,FRED,0.4821431917746736,4,2023
2023-02-06,159.431484,FRED,0.7496269548615663,0,2023
2023-02-07,157.814781,FRED,-1.0192189309665434,1,2023
2023-02-08,158.74481100000003,FRED,0.587587739779988,2,2023
2023-02-09,159.232386,FRED,0.3066731745109833,3,2023
2023-02-10,158.60215,FRED,-0.39658171446392526,4,2023
2023-02-13,161.056856,FRED,1.5358580276463916,0,2023
2023-02-14,161.748885,FRED,0.42875945019659917,1,2023
2023-02-15,161.480082,FRED,-0.16632362158743377,2,2023
2023-02-16,160.98110999999997,FRED,-0.30947748791269963,3,2023
2023-02-17,161.213052,FRED,0.14397656284446989,4,2023
2023-02-21,163.341057,FRED,1.3113594536881212,1,2023
2023-02-22,162.586528,FRED,-0.4630049021011649,2,2023
2023-02-23,161.97568,FRED,-0.3764139546682428,3,2023
2023-02-24,162.92292800000004,FRED,0.5831054123580325,4,2023
2023-02-27,163.906248,FRED,0.6017351199053349,0,2023
2023-02-28,164.57363700000002,FRED,0.40635055527453245,1,2023
2023-03-01,163.445788,FRED,-0.6876747891559464,2,2023
2023-03-02,163.41432799999998,FRED,-0.01924982496007665,3,2023
2023-03-03,163.253564,FRED,-0.09842657752155805,4,2023
2023-03-06,163.76846400000002,FRED,0.3149025945705574,0,2023
2023-03-07,162.32233,FRED,-0.8869575634357798,1,2023
2023-03-08,162.379966,FRED,0.03550082725951496,2,2023
2023-03-09,162.62800199999998,FRED,0.15263382598317418,3,2023
2023-03-10,162.640715,FRED,0.007816921420383411,4,2023
2023-03-13,161.88608,FRED,-0.4650687535120695,0,2023
2023-03-14,163.157218,FRED,0.7821385568458726,1,2023
2023-03-15,159.79699200000002,FRED,-2.0810053930662,2,2023
2023-03-16,161.088411,FRED,0.8049141284474955,3,2023
2023-03-17,160.273341,FRED,-0.5072612049611995,4,2023
2023-03-20,161.289863,FRED,0.6322398666570864,0,2023
2023-03-21,161.303265,FRED,0.008308918476239519,1,2023
2023-03-22,162.28194399999998,FRED,0.6048990849746855,2,2023
2023-03-23,161.405878,FRED,-0.5413043553649952,3,2023
2023-03-24,159.70739999999998,FRED,-1.057878297879122,4,2023
2023-03-27,161.443422,FRED,1.0811362080986877,0,2023
2023-03-28,161.630077,FRED,0.11554957082260202,1,2023
2023-03-29,163.38119700000001,FRED,1.0775853546721643,2,2023
2023-03-30,164.135728,FRED,0.46075929351443967,3,2023
2023-03-31,164.198475,FRED,0.03822142206967536,4,2023
2023-04-03,164.15370499999997,FRED,-0.027269500861821675,0,2023
2023-04-04,164.47368,FRED,0.19473428918041638,1,2023
2023-04-05,163.48105900000002,FRED,-0.6053420872347164,2,2023
2023-04-06,164.008152,FRED,0.32189973741899214,3,2023
2023-04-07,164.107042,FRED,0.060277612742445384,4,2023
2023-04-10,165.28825,FRED,0.7172009387529837,0,2023
2023-04-11,165.82146699999998,FRED,0.3220790170548155,1,2023
2023-04-12,166.17607500000003,FRED,0.21362093991121903,2,2023
2023-04-13,165.872847,FRED,-0.18264060757366785,3,2023
2023-04-14,166.06495800000002,FRED,0.11575121517100921,4,2023
2023-04-17,166.240909,FRED,0.10589702675509144,0,2023
2023-04-18,166.55120900000003,FRED,0.18648283606559812,1,2023
2023-04-19,167.705718,FRED,0.6907941154261835,2,2023
2023-04-20,166.92767999999998,FRED,-0.46501001193377034,3,2023
2023-04-21,166.76233200000001,FRED,-0.0991027645938718,4,2023
2023-04-24,167.434537,FRED,0.4022813909282916,0,2023
2023-04-25,166.083608,FRED,-0.8101126781281165,1,2023
2023-04-26,166.96279199999998,FRED,0.5279660985718632,2,2023
2023-04-27,167.161284,FRED,0.11881336162696716,3,2023
2023-04-28,171.102618,FRED,2.3304362960985903,4,2023
2023-05-01,171.618825,FRED,0.3012402059492883,0,2023
2023-05-02,170.23385000000002,FRED,-0.8102803803338422,1,2023
2023-05-03,169.77345699999998,FRED,-0.2708137571744648,2,2023
2023-05-04,168.27007999999998,FRED,-0.8894634844429589,3,2023
2023-05-05,170.58524999999997,FRED,1.3664864150582257,4,2023
2023-05-08,170.33073900000002,FRED,-0.1493101265384272,0,2023
2023-05-09,170.53227,FRED,0.11824751771906711,1,2023
2023-05-10,169.68352800000002,FRED,-0.498944355754595,2,2023
2023-05-11,168.088446,FRED,-0.9444796964211756,3,2023
2023-05-12,169.049232,FRED,0.5699680953699126,4,2023
2023-05-15,170.44128199999997,FRED,0.8200864202972147,0,2023
2023-05-16,170.69302800000003,FRED,0.14759350690935324,1,2023
2023-05-17,171.543725,FRED,0.497140499735415,2,2023
2023-05-18,172.0724,FRED,0.3077128101343326,3,2023
2023-05-19,171.59188799999998,FRED,-0.2796405270534887,4,2023
2023-05-22,172.272625,FRED,0.39593378412354036,0,2023
2023-05-23,172.356702,FRED,0.04879271442156387,1,2023
2023-05-24,172.08835199999996,FRED,-0.15581588481340625,2,2023
2023-05-25,172.315825,FRED,0.13209655879258755,3,2023
2023-05-26,173.442126,FRED,0.6514991083041904,4,2023
2023-05-30,173.431149,FRED,-0.006329112557693308,1,2023
2023-05-31,173.271288,FRED,-0.09221799114670147,2,2023
2023-06-01,173.92446400000003,FRED,0.3762585036390369,3,2023
2023-06-02,174.25276799999997,FRED,0.188584472001648,4,2023
2023-06-05,173.71215999999998,FRED,-0.31072581830230833,0,2023
2023-06-06,173.442206,FRED,-0.1555239287487567,1,2023
2023-06-07,174.289098,FRED,0.48709659712881076,2,2023
2023-06-08,174.190001,FRED,-0.05687400073954136,3,2023
2023-06-09,175.288365,FRED,0.6285754560418885,4,2023
2023-06-12,174.49630799999997,FRED,-0.45288339651133896,0,2023
2023-06-13,176.554,FRED,1.1723194763462665,1,2023
2023-06-14,176.89336800000004,FRED,0.19203317665668762,2,2023
2023-06-15,179.293338,FRED,1.3476113960106637,3,2023
2023-06-16,181.74233,FRED,1.3566690382169813,4,2023
2023-06-20,180.10687200000004,FRED,-0.9039506664194646,1,2023
2023-06-21,180.98003300000002,FRED,0.48363022299160974,2,2023
2023-06-22,182.18474999999998,FRED,0.6634571827707356,3,2023
2023-06-23,182.614978,FRED,0.23587089925941107,4,2023
2023-06-26,182.65302,FRED,0.0208296376062637,0,2023
2023-06-27,183.62879999999998,FRED,0.5328041169889076,1,2023
2023-06-28,182.263451,FRED,-0.7463155251897149,2,2023
2023-06-29,182.593224,FRED,0.18076856606813355,3,2023
2023-06-30,183.606923,FRED,0.5536325408579521,4,2023
2023-07-03,183.44275000000002,FRED,-0.0894554732094648,0,2023
2023-07-05,183.73576,FRED,0.15960087762069528,2,2023
2023-07-06,183.296889,FRED,-0.2391455966419142,3,2023
2023-07-07,182.56919800000003,FRED,-0.3977914244725008,4,2023
2023-07-10,181.720572,FRED,-0.4659079694139384,0,2023
2023-07-11,181.271951,FRED,-0.2471793218803709,1,2023
2023-07-12,179.576253,FRED,-0.9398469844713766,2,2023
2023-07-13,180.921958,FRED,0.7465841491558061,3,2023
2023-07-14,181.929762,FRED,0.5554922498349779,4,2023
2023-07-17,181.679576,FRED,-0.1376125491485021,0,2023
2023-07-18,181.37227599999997,FRED,-0.16928715371970798,1,2023
2023-07-19,180.262448,FRED,-0.6137859063773626,2,2023
2023-07-20,180.38711099999998,FRED,0.06913248712165004,3,2023
2023-07-21,182.20545,FRED,1.0029738271752735,4,2023
2023-07-24,181.118532,FRED,-0.5983206704613891,0,2023
2023-07-25,181.435716,FRED,0.1749719291233129,1,2023
2023-07-26,181.55013,FRED,0.06304047667416995,2,2023
2023-07-27,181.50561,FRED,-0.024525159813291342,3,2023
2023-07-28,181.10664,FRED,-0.22005332748460993,4,2023
2023-07-31,182.80082600000003,FRED,0.9311148566111085,0,2023
2023-08-01,182.7585,FRED,-0.023156843324064674,1,2023
2023-08-02,182.04855200000003,FRED,-0.38921884451821115,2,2023
2023-08-03,181.00157799999997,FRED,-0.5767671271114277,3,2023
2023-08-04,181.136725,FRED,0.0746383385322992,4,2023
2023-08-07,181.89440499999998,FRED,0.4174193547226441,0,2023
2023-08-08,182.24109299999998,FRED,0.19041708740721922,1,2023
2023-08-09,182.56197000000003,FRED,0.17591797618864638,2,2023
2023-08-10,183.76344,FRED,0.6559601246906092,3,2023
2023-08-11,183.986836,FRED,0.1214933296087592,4,2023
2023-08-14,184.40023,FRED,0.22443468388507257,0,2023
2023-08-15,185.3123,FRED,0.4933951523233154,1,2023
2023-08-16,185.893169,FRED,0.31296385566813506,2,2023
2023-08-17,186.397848,FRED,0.2711208630334936,3,2023
2023-08-18,184.89207000000002,FRED,-0.8111107694701047,4,2023
2023-08-21,186.291362,FRED,0.7539661030614511,0,2023
2023-08-22,185.634407,FRED,-0.35327247423984603,1,2023
2023-08-23,183.88433,FRED,-0.9472267087140317,2,2023
2023-08-24,184.14055000000002,FRED,0.1392406086221667,3,2023
2023-08-25,183.99965999999998,FRED,-0.07654149318735641,4,2023
2023-08-28,184.34688000000003,FRED,0.18852904270217888,0,2023
2023-08-29,184.17701399999999,FRED,-0.09218724473267575,1,2023
2023-08-30,185.723244,FRED,0.8360302393142378,2,2023
2023-08-31,184.532856,FRED,-0.6430101227226422,3,2023
2023-09-01,184.12428,FRED,-0.2216564538618976,4,2023
2023-09-05,185.76282899999998,FRED,0.8859782773598269,1,2023
2023-09-06,184.53297,FRED,-0.6642600459005658,2,2023
2023-09-07,183.691805,FRED,-0.4568766255229529,3,2023
2023-09-08,184.27052,FRED,0.31455148412988465,4,2023
2023-09-11,183.499734,FRED,-0.41916773865517226,0,2023
2023-09-12,183.56162400000002,FRED,0.033721882861084906,1,2023
2023-09-13,184.13555999999997,FRED,0.31217887494659075,2,2023
2023-09-14,182.63797,FRED,-0.8166338081878765,3,2023
2023-09-15,183.19093600000002,FRED,0.30230876350287694,4,2023
2023-09-18,183.10548899999998,FRED,-0.04665456483772774,0,2023
2023-09-19,183.16854000000004,FRED,0.0344283217649838,1,2023
2023-09-20,183.035086,FRED,-0.07288513626452527,2,2023
2023-09-21,181.31185799999997,FRED,-0.9459340212777535,3,2023
2023-09-22,181.69776800000002,FRED,0.21261703147165117,4,2023
2023-09-25,181.730532,FRED,0.01803051665968755,0,2023
2023-09-26,181.18152000000003,FRED,-0.3025594855774183,1,2023
2023-09-27,181.364084,FRED,0.1007123040063758,2,2023
2023-09-28,182.342714,FRED,0.5381435635123867,3,2023
2023-09-29,182.51380200000003,FRED,0.09378372321020123,4,2023
2023-10-02,181.70740000000004,FRED,-0.4428096515166768,0,2023
2023-10-03,180.021204,FRED,-0.9323057092697046,1,2023
2023-10-04,180.93263100000001,FRED,0.5050113608343253,2,2023
2023-10-05,180.72717900000004,FRED,-0.11361617543340138,3,2023
2023-10-06,182.69754000000003,FRED,1.084340279074363,4,2023
2023-10-10,182.624256,FRED,-0.040120245649423174,1,2023
2023-10-11,183.53876799999998,FRED,0.49951187944874503,2,2023
2023-10-12,182.855794,FRED,-0.37280836664388595,3,2023
2023-10-13,181.623718,FRED,-0.6760767902762843,4,2023
2023-10-16,182.445486,FRED,0.4514358185574202,0,2023
2023-10-17,182.736026,FRED,0.15912090385487188,1,2023
2023-10-18,182.07990000000004,FRED,-0.3597028861326169,2,2023
2023-10-19,182.07783999999998,FRED,-0.0011313778474598597,3,2023
2023-10-20,182.112705,FRED,0.019146570708772452,4,2023
2023-10-23,183.25583,FRED,0.6257401064520574,0,2023
2023-10-24,182.35528000000002,FRED,-0.49262825805870086,1,2023
2023-10-25,182.02715999999998,FRED,-0.18009654290008886,2,2023
2023-10-26,182.227972,FRED,0.11025899305326904,3,2023
2023-10-27,181.77896,FRED,-0.2467053169949162,4,2023
2023-10-30,181.151457,FRED,-0.34579831058259264,0,2023
2023-10-31,183.79671000000002,FRED,1.4496849503215705,1,2023
2023-11-01,183.069192,FRED,-0.39661301292919715,2,2023
2023-11-02,183.2094,FRED,0.07655812264788958,3,2023
2023-11-03,184.81806400000002,FRED,0.8742142380836068,4,2023
2023-11-06,185.58000700000002,FRED,0.41141902963958915,0,2023
2023-11-07,185.017912,FRED,-0.30334516315787824,1,2023
2023-11-08,185.462177,FRED,0.23983216703937263,2,2023
2023-11-09,185.46201599999998,FRED,-8.681019090146359e-05,3,2023
2023-11-13,185.933808,FRED,0.25406438268391424,0,2023
2023-11-14,188.18122499999998,FRED,1.2014721873803595,1,2023
2023-11-15,187.795117,FRED,-0.20538959109966368,2,2023
2023-11-16,187.077957,FRED,-0.3826153034944019,3,2023
2023-11-17,186.22626,FRED,-0.45630262879113975,4,2023
2023-11-20,185.39912999999999,FRED,-0.4451425484200607,0,2023
2023-11-21,185.44152,FRED,0.022861571504988305,1,2023
2023-11-22,186.60855599999996,FRED,0.6273563172940467,2,2023
2023-11-24,188.473157,FRED,0.9942454112645068,4,2023
2023-11-27,187.79495699999998,FRED,-0.3604880186276037,0,2023
2023-11-28,187.402333,FRED,-0.20928943453429427,1,2023
2023-11-29,187.03790999999998,FRED,-0.19464954522094352,2,2023
2023-11-30,186.90768,FRED,-0.06965184708553417,3,2023
2023-12-01,186.4254,FRED,-0.2583646047531349,4,2023
2023-12-04,185.894595,FRED,-0.28513395291939236,0,2023
2023-12-05,185.40033999999997,FRED,-0.26623325305557943,1,2023
2023-12-06,185.25972399999998,FRED,-0.07587329761307103,2,2023
2023-12-07,181.30661999999998,FRED,-2.156912286738152,3,2023
2023-12-08,181.665032,FRED,0.19748766302444828,4,2023
2023-12-11,183.74454999999998,FRED,1.1381969999624793,0,2023
2023-12-12,182.52520499999997,FRED,-0.6658204713802011,1,2023
2023-12-13,181.85445899999996,FRED,-0.368158173399001,2,2023
2023-12-14,180.691351,FRED,-0.6416358751430217,3,2023
2023-12-15,180.21362,FRED,-0.26474075860008267,4,2023
2023-12-18,180.688128,FRED,0.2629570380584501,0,2023
2023-12-19,183.129862,FRED,1.3423034205031386,1,2023
2023-12-20,182.01282,FRED,-0.6118405433045149,2,2023
2023-12-21,180.08828799999998,FRED,-1.0629904627742124,3,2023
2023-12-22,181.3872,FRED,0.7186753369382557,4,2023
2023-12-26,181.07783199999997,FRED,-0.17070230108322898,1,2023
2023-12-27,181.78138500000003,FRED,0.38778338743164853,2,2023
2023-12-28,179.778244,FRED,-1.108067015766258,3,2023
2023-12-29,179.574356,FRED,-0.11347518948144023,4,2023
2024-01-02,179.235448,FRED,-0.18890682306160908,1,2024
2024-01-03,181.461555,FRED,1.2343519607930562,2,2024
2024-01-04,183.513628,FRED,1.1245118680490491,3,2024
2024-01-05,184.11848,FRED,0.32905316624727154,4,2024
2024-01-08,183.68997399999998,FRED,-0.2330050814265143,0,2024
2024-01-09,183.6132,FRED,-0.041804158827146304,1,2024
2024-01-10,185.45064,FRED,0.9957383967747502,2,2024
2024-01-11,185.633336,FRED,0.0984661298127384,3,2024
2024-01-12,184.63855600000002,FRED,-0.5373253627512471,4,2024
2024-01-16,186.070557,FRED,0.772577782690377,1,2024
2024-01-17,187.95077399999997,FRED,1.005414762608727,2,2024
2024-01-18,187.957905,FRED,0.003794006576217432,3,2024
2024-01-19,187.88581700000003,FRED,-0.038360625262214426,4,2024
2024-01-22,188.31076,FRED,0.22591549562908644,0,2024
2024-01-23,188.07915500000001,FRED,-0.12306654349715268,1,2024
2024-01-24,187.879174,FRED,-0.10638467268060188,2,2024
2024-01-25,187.5663,FRED,-0.16666818171623618,3,2024
2024-01-26,188.17968,FRED,0.32648681689330106,4,2024
2024-01-29,187.23496500000002,FRED,-0.5032925629003313,0,2024
2024-01-30,187.340593,FRED,0.05639876951067958,1,2024
2024-01-31,186.232858,FRED,-0.5930497703697399,2,2024
2024-02-01,186.043286,FRED,-0.10184483719478665,3,2024
2024-02-02,187.561458,FRED,0.8127200635537978,4,2024
2024-02-05,186.463628,FRED,-0.5870371768142267,0,2024
2024-02-06,186.354967,FRED,-0.058291622002838085,1,2024
2024-02-07,186.959716,FRED,0.32398914724651856,2,2024
2024-02-08,188.3535,FRED,0.742734520379029,3,2024
2024-02-09,188.63706399999998,FRED,0.1504356238887243,4,2024
2024-02-12,188.66924699999998,FRED,0.017059348937344315,0,2024
2024-02-13,189.99763199999998,FRED,0.7016142804932105,1,2024
2024-02-14,189.0581,FRED,-0.49572336978517983,2,2024
2024-02-15,188.93902,FRED,-0.06300577313356243,3,2024
2024-02-16,189.27805999999998,FRED,0.17928333157946766,4,2024
2024-02-20,189.510615,FRED,0.1227887973254785,1,2024
2024-02-21,189.72609599999998,FRED,0.11363932706880693,2,2024
2024-02-22,190.519238,FRED,0.41717442890890866,3,2024
2024-02-23,190.62640800000003,FRED,0.056235721934166004,4,2024
2024-02-26,191.21679899999998,FRED,0.309232407251469,0,2024
2024-02-27,190.97887800000004,FRED,-0.1245022092350838,1,2024
2024-02-28,190.91155999999998,FRED,-0.035255138122796334,2,2024
2024-02-29,189.35368000000003,FRED,-0.8193695094994742,3,2024
2024-03-01,190.03304,FRED,0.35813627115436353,4,2024
2024-03-04,191.073844,FRED,0.5462019350881266,0,2024
2024-03-05,190.857968,FRED,-0.11304427450469,1,2024
2024-03-06,190.296169,FRED,-0.29478856572791856,2,2024
2024-03-07,189.48316800000003,FRED,-0.42814453694781685,3,2024
2024-03-08,189.14288399999998,FRED,-0.17974679228804105,4,2024
2024-03-11,188.083602,FRED,-0.5616173962234188,0,2024
2024-03-12,188.836434,FRED,0.3994656315354715,1,2024
2024-03-13,189.079627,FRED,0.1287021424417524,2,2024
2024-03-14,188.92743099999998,FRED,-0.08052548490991424,3,2024
2024-03-15,190.03418799999997,FRED,0.5841014451872806,4,2024
2024-03-18,189.931968,FRED,-0.05380479332268749,0,2024
2024-03-19,191.623049,FRED,0.8864210913705138,1,2024
2024-03-20,192.805358,FRED,0.6151016450351707,2,2024
2024-03-21,192.06453,FRED,-0.3849762935800354,3,2024
2024-03-22,190.74640499999998,FRED,-0.6886585981892228,4,2024
2024-03-25,191.51601599999998,FRED,0.4026616259248995,0,2024
2024-03-26,191.44554,FRED,-0.036805783604853905,1,2024
2024-03-27,191.17018499999998,FRED,-0.14393294867171,2,2024
2024-03-28,191.21559,FRED,0.023748268467046422,3,2024
2024-03-29,191.096714,FRED,-0.06218790375687301,4,2024
2024-04-01,190.33274,FRED,-0.40058522675836555,0,2024
2024-04-02,190.58928000000003,FRED,0.13469425515791916,1,2024
2024-04-03,191.635045,FRED,0.5472009712799991,2,2024
2024-04-04,192.13805399999998,FRED,0.2621388989242636,3,2024
2024-04-05,191.50364700000003,FRED,-0.3307292072878177,4,2024
2024-04-08,192.07759000000001,FRED,0.2992552153026657,0,2024
2024-04-09,192.332948,FRED,0.13285693929697412,1,2024
2024-04-10,191.79776,FRED,-0.27864908227553636,2,2024
2024-04-11,192.023665,FRED,0.1177136091792725,3,2024
2024-04-12,190.74158400000002,FRED,-0.6699071026261606,4,2024
2024-04-15,192.28805,FRED,0.8074959563556204,0,2024
2024-04-16,192.238709,FRED,-0.025663233632487053,1,2024
2024-04-17,192.381223,FRED,0.07410640721663478,2,2024
2024-04-18,192.72136500000002,FRED,0.17665011820271154,3,2024
2024-04-19,191.59563500000002,FRED,-0.5858357655889292,4,2024
2024-04-22,191.00165700000002,FRED,-0.3104980038420311,0,2024
2024-04-23,192.490754,FRED,0.776601800380509,1,2024
2024-04-24,192.86377400000003,FRED,0.19359840842854334,2,2024
2024-04-25,194.30668800000004,FRED,0.7453671299701875,3,2024
2024-04-26,196.61518800000002,FRED,1.1810681245927137,4,2024
2024-04-29,196.71806300000003,FRED,0.05230933417615831,0,2024
2024-04-30,197.145556,FRED,0.21707674801538288,1,2024
2024-05-01,196.87332,FRED,-0.13818426471492112,2,2024
2024-05-02,192.320139,FRED,-2.3399102109829664,3,2024
2024-05-03,191.82674999999998,FRED,-0.25687531797347557,4,2024
2024-05-06,193.466375,FRED,0.8511103839217481,0,2024
2024-05-07,193.77856500000001,FRED,0.1612364864645559,1,2024
2024-05-08,194.32162599999998,FRED,0.27985626754593446,2,2024
2024-05-09,194.67784,FRED,0.1831437473318745,3,2024
2024-05-10,195.24887999999999,FRED,0.2928962694516015,4,2024
2024-05-13,196.19637099999997,FRED,0.48409980602418307,0,2024
2024-05-14,197.0022,FRED,0.40988456603331896,1,2024
2024-05-15,196.22431600000002,FRED,-0.3956421975889215,2,2024
2024-05-16,196.88805,FRED,0.33768188849489283,3,2024
2024-05-17,197.62057099999998,FRED,0.3713591048925821,4,2024
2024-05-20,198.359172,FRED,0.3730503237237784,0,2024
2024-05-21,198.37768,FRED,0.009330113862687419,1,2024
2024-05-22,199.35261100000002,FRED,0.49024827865121484,2,2024
2024-05-23,199.72048500000002,FRED,0.18436427205349917,3,2024
2024-05-24,199.98474,FRED,0.13222496078238596,4,2024
2024-05-28,200.61234,FRED,0.3133325452432628,1,2024
2024-05-29,200.39806800000002,FRED,-0.10686606438012929,2,2024
2024-05-30,199.530957,FRED,-0.43363312215001026,3,2024
2024-05-31,200.228622,FRED,0.3490426471100232,4,2024
2024-06-03,199.65318,FRED,-0.28780624391128373,0,2024
2024-06-04,198.001295,FRED,-0.8308190178974835,1,2024
2024-06-05,199.495791,FRED,0.7519567285809396,2,2024
2024-06-06,199.436028,FRED,-0.029961511015532724,3,2024
2024-06-07,199.279366,FRED,-0.078583375720876,4,2024
2024-06-10,199.81896900000004,FRED,0.27041121522497846,0,2024
2024-06-11,200.1897,FRED,0.18536153582670548,1,2024
2024-06-12,200.196684,FRED,0.0034886301232079737,2,2024
2024-06-13,200.10122800000002,FRED,-0.04769248049903877,3,2024
2024-06-14,199.50968,FRED,-0.2960622046335276,4,2024
2024-06-17,200.23242,FRED,0.3616035376449631,0,2024
2024-06-18,200.402919,FRED,0.0851143140386237,1,2024
2024-06-20,201.177467,FRED,0.38575039392536886,3,2024
2024-06-21,201.62452499999998,FRED,0.22197416718036808,4,2024
2024-06-24,202.576164,FRED,0.47087537663240653,0,2024
2024-06-25,202.42633600000002,FRED,-0.0739886824575339,1,2024
2024-06-26,202.8585,FRED,0.21326441327614112,2,2024
2024-06-27,203.33371,FRED,0.23398292980885224,3,2024
2024-06-28,203.35232,FRED,0.009152023251452732,4,2024
2024-07-01,204.36075,FRED,0.49467732609284565,0,2024
2024-07-02,204.803887,FRED,0.2166058027441188,1,2024
2024-07-03,206.145368,FRED,0.6528717347127924,2,2024
2024-07-05,205.84691099999998,FRED,-0.14488477936213737,4,2024
2024-07-08,206.251833,FRED,0.19651704170874665,0,2024
2024-07-09,206.38218,FRED,0.06317802228079769,1,2024
2024-07-10,207.69366599999998,FRED,0.633454183866393,2,2024
2024-07-11,204.88536000000002,FRED,-1.3613631304834866,3,2024
2024-07-12,205.022968,FRED,0.06714086822326129,4,2024
2024-07-15,205.03595399999998,FRED,0.006333723915073943,0,2024
2024-07-16,205.475006,FRED,0.2139052109149442,1,2024
2024-07-17,203.653248,FRED,-0.8905618335966111,2,2024
2024-07-18,203.63718099999997,FRED,-0.007889701728475265,3,2024
2024-07-19,203.366436,FRED,-0.1330430633179829,4,2024
2024-07-22,202.805988,FRED,-0.2759657340420479,0,2024
2024-07-23,201.51543200000003,FRED,-0.6383833846194478,1,2024
2024-07-24,198.25657499999997,FRED,-1.6303938901685775,2,2024
2024-07-25,198.374948,FRED,0.05968915562695765,3,2024
2024-07-26,197.92550400000002,FRED,-0.22681992433805442,4,2024
2024-07-29,197.88478800000001,FRED,-0.020573492385900255,0,2024
2024-07-30,197.192016,FRED,-0.3507028015988596,1,2024
2024-07-31,193.08792,FRED,-2.103232531585571,2,2024
2024-08-01,191.65663199999997,FRED,-0.7440233241577845,3,2024
2024-08-02,188.105004,FRED,-1.870505715212438,4,2024
2024-08-05,183.752175,FRED,-2.3412364066361753,0,2024
2024-08-06,184.21714500000002,FRED,0.25272229080114667,1,2024
2024-08-07,187.488756,FRED,1.7603677946715393,2,2024
2024-08-08,187.394628,FRED,-0.0502172174043598,3,2024
2024-08-09,187.00913400000002,FRED,-0.20592428567709126,4,2024
2024-08-12,188.497104,FRED,0.7925182793323314,0,2024
2024-08-13,188.53311599999998,FRED,0.019102978063385342,1,2024
2024-08-14,188.700414,FRED,0.0886973175306457,2,2024
2024-08-15,191.542933,FRED,1.4951330373884217,3,2024
2024-08-16,191.17657799999998,FRED,-0.19144835910834282,4,2024
2024-08-19,190.11172799999997,FRED,-0.5585551676822058,0,2024
2024-08-20,189.80338999999998,FRED,-0.16231945142005502,1,2024
2024-08-21,189.86496300000002,FRED,0.032435150337569385,2,2024
2024-08-22,191.133118,FRED,0.665703974142463,3,2024
2024-08-23,191.17174200000002,FRED,0.020205864048613905,4,2024
2024-08-26,190.53643499999998,FRED,-0.33287606863834657,0,2024
2024-08-27,190.92810999999998,FRED,0.2053533639102002,1,2024
2024-08-28,190.714847,FRED,-0.11176049146785472,2,2024
2024-08-29,191.170628,FRED,0.23870047239270953,3,2024
2024-08-30,191.66153999999997,FRED,0.25646343756303086,4,2024
2024-09-03,191.067946,FRED,-0.3101900938737401,1,2024
2024-09-04,189.65220200000002,FRED,-0.7437224077069892,2,2024
2024-09-05,188.82559500000002,FRED,-0.43680676692680254,3,2024
2024-09-06,186.70196800000002,FRED,-1.1310219793401544,4,2024
2024-09-09,186.982236,FRED,0.15000262229552286,0,2024
2024-09-10,185.88882,FRED,-0.5864864631117855,1,2024
2024-09-11,184.618644,FRED,-0.6856439340132113,2,2024
2024-09-12,186.06414400000003,FRED,0.7799160758986446,3,2024
2024-09-13,184.82724000000002,FRED,-0.6669923535347827,4,2024
2024-09-16,185.870958,FRED,0.563110780467837,0,2024
2024-09-17,186.62602800000002,FRED,0.4054105469618684,1,2024
2024-09-18,187.33340700000002,FRED,0.37831902473501733,2,2024
2024-09-19,189.730352,FRED,1.27139096783954,3,2024
2024-09-20,191.45895000000002,FRED,0.9069561186595366,4,2024
2024-09-23,191.707009,FRED,0.12947863912686478,0,2024
2024-09-24,192.306752,FRED,0.31235520626035174,1,2024
2024-09-25,192.614058,FRED,0.15967235717413136,2,2024
2024-09-26,194.276304,FRED,0.8592905853097352,3,2024
2024-09-27,190.99844,FRED,-1.7016132733631772,4,2024
2024-09-30,191.940675,FRED,0.4921079433265895,0,2024
2024-10-01,190.809212,FRED,-0.5912301136142413,1,2024
2024-10-02,193.822955,FRED,1.5671100523684687,2,2024
2024-10-03,192.53974799999997,FRED,-0.6642523764799418,3,2024
2024-10-04,194.887983,FRED,1.2122331822477557,4,2024
2024-10-07,193.75404,FRED,-0.5835427723526959,0,2024
2024-10-08,194.06444599999998,FRED,0.16007801458155635,1,2024
2024-10-09,195.15359999999998,FRED,0.5596641029884137,2,2024
2024-10-10,193.915368,FRED,-0.6365124347609904,3,2024
2024-10-11,194.89983999999998,FRED,0.5063969122308375,4,2024
2024-10-15,195.224526,FRED,0.16645259986958696,1,2024
2024-10-16,194.62300000000002,FRED,-0.3085957648825295,2,2024
2024-10-17,195.276096,FRED,0.3350080148992669,3,2024
2024-10-18,194.78307600000002,FRED,-0.2527925494082896,4,2024
2024-10-21,195.31006,FRED,0.27018384685385755,0,2024
2024-10-22,195.974559,FRED,0.33965027325427377,1,2024
2024-10-23,197.797264,FRED,0.9257737154028512,2,2024
2024-10-24,196.884268,FRED,-0.46265029118222994,3,2024
2024-10-25,197.36942400000004,FRED,0.2461137357671157,4,2024
2024-10-28,198.88190100000003,FRED,0.7633964859369275,0,2024
2024-10-29,199.587735,FRED,0.35427278490987046,1,2024
2024-10-30,199.27877999999998,FRED,-0.15491651977292978,2,2024
2024-10-31,195.86116,FRED,-1.7298708022959637,3,2024
2024-11-01,198.19494600000002,FRED,1.1845081202427044,4,2024
2024-11-04,196.74428400000002,FRED,-0.734628729638771,0,2024
2024-11-05,197.77594000000002,FRED,0.5229938992984785,1,2024
2024-11-06,199.36182600000004,FRED,0.7986621095025773,2,2024
2024-11-07,198.839305,FRED,-0.26244089191511777,3,2024
2024-11-08,196.90449,FRED,-0.9778197109167601,4,2024
2024-11-12,197.017709,FRED,0.05748292602192419,1,2024
2024-11-13,197.345352,FRED,0.16616316678084536,2,2024
2024-11-14,198.162776,FRED,0.413354419804992,3,2024
2024-11-15,195.231711,FRED,-1.4901679286462572,4,2024
2024-11-18,196.013392,FRED,0.39958687487485167,0,2024
2024-11-19,195.502478,FRED,-0.2609928890071771,1,2024
2024-11-20,196.384782,FRED,0.45028536563114674,2,2024
2024-11-21,194.65507599999998,FRED,-0.8846756901632764,3,2024
2024-11-22,193.660068,FRED,-0.5124755977414153,4,2024
2024-11-25,193.695666,FRED,0.018380004205758842,0,2024
2024-11-26,192.583903,FRED,-0.5756276847395141,1,2024
2024-11-27,191.044782,FRED,-0.8024057210841697,2,2024
2024-11-29,191.005659,FRED,-0.020480541801930003,4,2024
2024-12-02,188.649714,FRED,-1.2411125505787857,0,2024
2024-12-03,189.03942400000003,FRED,0.20636555256402264,1,2024
2024-12-04,190.90881600000003,FRED,0.984032501228211,2,2024
2024-12-05,191.55232600000002,FRED,0.33651032044164286,3,2024
2024-12-06,190.879632,FRED,-0.3517983681601075,4,2024
2024-12-09,193.330092,FRED,1.275601877964853,0,2024
2024-12-10,193.98539000000002,FRED,0.3383797734520623,1,2024
2024-12-11,194.431542,FRED,0.22972850020584573,2,2024
2024-12-12,193.35700500000002,FRED,-0.554188491874511,3,2024
2024-12-13,194.158246,FRED,0.4135280558568136,4,2024
2024-12-16,195.65442,FRED,0.7676412172393354,0,2024
2024-12-17,195.106838,FRED,-0.28026440555141746,1,2024
2024-12-18,195.5184,FRED,0.21071969358389542,2,2024
2024-12-19,197.63568999999998,FRED,1.0770893769622396,3,2024
2024-12-20,196.495657,FRED,-0.578505712941639,4,2024
2024-12-23,196.75541599999997,FRED,0.13210849536780103,0,2024
2024-12-24,197.05291199999996,FRED,0.15108672693771896,1,2024
2024-12-26,197.860122,FRED,0.4088044985528127,3,2024
2024-12-27,198.313929,FRED,0.2290948623900517,4,2024
2024-12-30,196.93669799999998,FRED,-0.6968927965161599,0,2024
2024-12-31,197.042977,FRED,0.053951515431841346,1,2024
2025-01-02,195.10764,FRED,-0.9870456037748819,3,2025
2025-01-03,195.22668,FRED,0.06099386991668599,4,2025
2025-01-06,197.39761999999996,FRED,1.1058725222153354,0,2025
2025-01-07,197.259218,FRED,-0.07013789821812196,1,2025
2025-01-08,195.766146,FRED,-0.7597876978910605,2,2025
2025-01-09,194.399703,FRED,-0.700444998062358,3,2025
2025-01-10,192.60612,FRED,-0.9269089687270909,4,2025
2025-01-13,191.500658,FRED,-0.5756029913993843,0,2025
2025-01-14,192.50946,FRED,0.5254050731382034,1,2025
2025-01-15,191.27124,FRED,-0.6452770013911007,2,2025
2025-01-16,190.351824,FRED,-0.48184602326983955,3,2025
2025-01-17,190.38903000000002,FRED,0.019544002030564285,4,2025
2025-01-21,191.734719,FRED,0.7043239612865427,1,2025
2025-01-22,193.018488,FRED,0.6673232299094741,2,2025
2025-01-23,192.61319999999998,FRED,-0.21019442220695647,3,2025
2025-01-24,194.41276800000003,FRED,0.9299536040814722,4,2025
2025-01-27,192.451138,FRED,-1.0141275945426562,0,2025
2025-01-28,193.51964500000003,FRED,0.5536738927886027,1,2025
2025-01-29,193.01607,FRED,-0.2605582177057005,2,2025
2025-01-30,192.299226,FRED,-0.37208220616796334,3,2025
2025-01-31,192.816477,FRED,0.2686212517430926,4,2025
2025-02-03,191.633052,FRED,-0.6156484264414006,0,2025
2025-02-04,192.99907199999998,FRED,0.7103024724517772,1,2025
2025-02-05,190.65622800000003,FRED,-1.2213427641970358,2,2025
2025-02-06,189.06174,FRED,-0.8398324578829681,3,2025
2025-02-07,187.55148000000003,FRED,-0.8020260656603727,4,2025
2025-02-10,187.90521999999999,FRED,0.18843190422087688,0,2025
2025-02-11,189.289251,FRED,0.7338586950782183,1,2025
2025-02-12,192.409128,FRED,1.6347706214916171,2,2025
2025-02-13,191.90390399999998,FRED,-0.26292331978246475,3,2025
2025-02-14,191.97202499999997,FRED,0.0354911551200924,4,2025
2025-02-18,191.467906,FRED,-0.2629456400868307,1,2025
2025-02-19,190.664357,FRED,-0.4205612884227743,2,2025
2025-02-20,189.177209,FRED,-0.7830399470910904,3,2025
2025-02-21,189.060003,FRED,-0.06197486658264856,4,2025
2025-02-24,189.05648,FRED,-0.0018634469315686273,0,2025
2025-02-25,188.62866800000003,FRED,-0.22654435062362172,1,2025
2025-02-26,189.335448,FRED,0.373993611508872,2,2025
2025-02-27,189.16744,FRED,-0.08877502199346454,3,2025
2025-02-28,189.670824,FRED,0.2657515589596281,4,2025
2025-03-03,190.86837599999998,FRED,0.6293995222324622,0,2025
2025-03-04,189.375606,FRED,-0.785168333822585,1,2025
2025-03-05,191.442048,FRED,1.085276515316632,2,2025
2025-03-06,190.70226000000002,FRED,-0.38717778005430403,3,2025
2025-03-07,190.062534,FRED,-0.3360219285046059,4,2025
2025-03-10,189.955935,FRED,-0.05610201160824539,0,2025
2025-03-11,190.957104,FRED,0.5256692225887403,1,2025
2025-03-12,192.37104,FRED,0.7377190715955982,2,2025
2025-03-13,191.210595,FRED,-0.60505948898881,3,2025
2025-03-14,191.830367,FRED,0.3236064036722913,4,2025
2025-03-17,192.949728,FRED,0.5818201992317658,0,2025
2025-03-18,194.142663,FRED,0.6163586804326253,1,2025
2025-03-19,194.560938,FRED,0.21521548057186357,2,2025
2025-03-20,193.09013199999998,FRED,-0.7588334827797607,3,2025
2025-03-21,192.124608,FRED,-0.5012923554894332,4,2025
2025-03-24,194.650562,FRED,1.306179976743577,0,2025
2025-03-25,193.922196,FRED,-0.37489342115361857,1,2025
2025-03-26,194.22434099999998,FRED,0.1556860784403208,2,2025
2025-03-27,195.702411,FRED,0.7581306344845121,3,2025
2025-03-28,194.466492,FRED,-0.6335323621461748,4,2025
2025-03-31,193.31104000000002,FRED,-0.5959372703264272,0,2025
2025-04-01,193.06962000000001,FRED,-0.12496486310532545,1,2025
2025-04-02,194.584052,FRED,0.7813364422335736,2,2025
2025-04-03,191.50225199999997,FRED,-1.596464532738398,3,2025
2025-04-04,188.643711,FRED,-1.5039459355258102,4,2025
2025-04-07,188.338284,FRED,-0.16203801289143036,0,2025
2025-04-08,187.729838,FRED,-0.3235831464064957,1,2025
2025-04-09,185.29443899999998,FRED,-1.305777534676695,2,2025
2025-04-10,186.77596,FRED,0.796370167516302,3,2025
2025-04-11,187.37320699999998,FRED,0.31925636081113634,4,2025
2025-04-14,188.36409600000002,FRED,0.527438340151889,0,2025
2025-04-15,189.22113,FRED,0.45395604105791426,1,2025
2025-04-16,188.849232,FRED,-0.19673487124672967,2,2025
2025-04-17,188.71534700000004,FRED,-0.07092032095077627,3,2025
2025-04-18,188.853938,FRED,0.07341222484464995,4,2025
2025-04-21,188.474185,FRED,-0.2012853562026155,0,2025
2025-04-22,188.42771199999999,FRED,-0.024660528697496912,1,2025
2025-04-23,189.08358399999997,FRED,0.3474718064585365,2,2025
2025-04-24,189.83957599999997,FRED,0.3990217980157351,3,2025
2025-04-25,191.633125,FRED,0.9403358149695892,4,2025
2025-04-28,191.14664999999997,FRED,-0.2541802329637191,0,2025
2025-04-29,190.62591299999997,FRED,-0.27279976269140066,1,2025
2025-04-30,190.325472,FRED,-0.15773197007269005,2,2025
2025-05-01,193.09560399999998,FRED,1.4449806611131686,3,2025
2025-05-02,191.96591600000002,FRED,-0.5867588333047551,4,2025
2025-05-05,191.26303199999998,FRED,-0.36682238741489653,0,2025
2025-05-06,190.855844,FRED,-0.2131211932711871,1,2025
2025-05-07,191.446368,FRED,0.30893071037445136,2,2025
2025-05-08,193.272702,FRED,0.9494448608875988,3,2025
2025-05-09,193.31077000000002,FRED,0.01969458235040772,4,2025
2025-05-12,195.38994599999998,FRED,1.0698183691021408,0,2025
2025-05-13,196.21200000000002,FRED,0.4198422484404462,1,2025
2025-05-14,194.942162,FRED,-0.6492797900908968,2,2025
2025-05-15,193.544812,FRED,-0.7193837218425412,3,2025
2025-05-16,193.57871400000002,FRED,0.01751482294913789,4,2025
2025-05-19,193.66314300000002,FRED,0.043605307541847035,0,2025
2025-05-20,193.505112,FRED,-0.08163428005026868,1,2025
2025-05-21,193.20649600000002,FRED,-0.15443863239456648,2,2025
2025-05-22,193.186714,FRED,-0.010239310373647873,3,2025
2025-05-23,192.680371,FRED,-0.26244440653882356,4,2025
2025-05-27,194.971685,FRED,1.1821635659804406,1,2025
2025-05-28,195.252848,FRED,0.14410321488148112,2,2025
2025-05-29,194.363001,FRED,-0.45678252027316746,3,2025
2025-05-30,194.181624,FRED,-0.09336225571247395,4,2025
2025-06-02,193.425524,FRED,-0.39013777890069395,0,2025
2025-06-03,194.59336000000002,FRED,0.6019498403143881,1,2025
2025-06-04,193.92887,FRED,-0.3420605548916327,2,2025
2025-06-05,195.433008,FRED,0.7726208277452099,3,2025
2025-06-06,196.038084,FRED,0.3091295854088987,4,2025
2025-06-09,195.809031,FRED,-0.11690938497212543,0,2025
2025-06-10,195.744428,FRED,-0.03299830411469283,1,2025
2025-06-11,195.85708799999998,FRED,0.057538083232605716,2,2025
2025-06-12,195.19239599999997,FRED,-0.33995321172377224,3,2025
2025-06-13,195.80797599999997,FRED,0.3148746408878531,4,2025
2025-06-16,196.0304,FRED,0.1135284533180438,0,2025
2025-06-17,196.03606399999998,FRED,0.0028893060337884394,1,2025
2025-06-18,194.763718,FRED,-0.6511521010057046,2,2025
2025-06-20,196.48128,FRED,0.8780038301001429,4,2025
2025-06-23,197.602677,FRED,0.5691173197312274,0,2025
2025-06-24,197.29584,FRED,-0.1554004629240801,1,2025
2025-06-25,198.380934,FRED,0.5484763279055833,2,2025
2025-06-26,198.525236,FRED,0.07271341050607716,3,2025
2025-06-27,198.58328000000003,FRED,0.02923331939493811,4,2025
2025-06-30,197.830074,FRED,-0.38001086432094433,0,2025
2025-07-01,197.106624,FRED,-0.3663629198567941,1,2025
2025-07-02,195.844248,FRED,-0.6425130634716092,2,2025
2025-07-03,197.957376,FRED,1.073204452758151,3,2025
2025-07-07,198.923868,FRED,0.4870443867739506,0,2025
2025-07-08,199.29457499999998,FRED,0.1861827916819929,1,2025
2025-07-09,199.061005,FRED,-0.11726710431232527,2,2025
2025-07-10,198.73157400000002,FRED,-0.16562957315052151,3,2025
2025-07-11,198.885687,FRED,0.07751826836174384,4,2025
2025-07-14,198.45105299999997,FRED,-0.21877371488654732,0,2025
2025-07-15,199.26549999999997,FRED,0.40956210262056764,1,2025
2025-07-16,198.81220800000003,FRED,-0.22774055758951378,2,2025
2025-07-17,199.250115,FRED,0.22001940467679215,3,2025
2025-07-18,199.63634500000003,FRED,0.19365416449740608,4,2025
2025-07-21,198.78504600000002,FRED,-0.42733664142582023,0,2025
2025-07-22,197.90799200000004,FRED,-0.44218342397932453,1,2025
2025-07-23,198.80973000000003,FRED,0.45460008612970176,2,2025
2025-07-24,198.694608,FRED,-0.057922388368335534,3,2025
2025-07-25,198.440333,FRED,-0.12805472825252398,4,2025
2025-07-28,198.81908499999997,FRED,0.19068251001729186,0,2025
2025-07-29,198.177523,FRED,-0.3232080806585207,1,2025
2025-07-30,197.87551799999997,FRED,-0.15250738020966448,2,2025
2025-07-31,199.0932,FRED,0.6134920783261397,3,2025
2025-08-01,196.312754,FRED,-1.4063985641799344,4,2025
2025-08-04,195.48261,FRED,-0.4237647091128585,0,2025
2025-08-05,196.294441,FRED,0.41443579194244917,1,2025
2025-08-06,196.726,FRED,0.21961156643656482,2,2025
2025-08-07,197.94998999999999,FRED,0.6202525388180643,3,2025
2025-08-08,198.56788,FRED,0.31165833718168634,4,2025
2025-08-11,198.513786,FRED,-0.027245780889129503,0,2025
2025-08-12,199.66302000000002,FRED,0.5772496910343726,1,2025
2025-08-13,199.8477,FRED,0.09245309520341297,2,2025
2025-08-14,199.854108,FRED,0.003206390300106917,3,2025
2025-08-15,199.40550000000002,FRED,-0.22472004670495282,4,2025
2025-08-18,199.786296,FRED,0.1907835377973926,0,2025
2025-08-19,199.362912,FRED,-0.21214330395758516,1,2025
2025-08-20,197.97055,FRED,-0.7008559975686167,2,2025
2025-08-21,199.041195,FRED,0.5393531092822044,3,2025
2025-08-22,198.61809599999998,FRED,-0.21279480662509645,4,2025
2025-08-25,199.14065100000002,FRED,0.262749872667126,0,2025
2025-08-26,198.63405000000003,FRED,-0.2547176945307478,1,2025
2025-08-27,198.9897,FRED,0.1788877524757543,2,2025
2025-08-28,198.65816799999996,FRED,-0.16674656322671091,3,2025
2025-08-29,198.47659000000002,FRED,-0.09144402951146886,4,2025
2025-09-02,198.50961599999997,FRED,0.016638361523384153,1,2025
2025-09-03,198.990056,FRED,0.24173113478698247,2,2025
2025-09-04,199.773583,FRED,0.3929786629057425,3,2025
2025-09-05,198.86541200000002,FRED,-0.4556365947946864,4,2025
2025-09-08,199.9709,FRED,0.5543581654062498,0,2025
2025-09-09,199.24635899999998,FRED,-0.36298119842447824,1,2025
2025-09-10,199.656876,FRED,0.20582292090112383,2,2025
2025-09-11,199.68025599999999,FRED,0.011709404487183378,3,2025
2025-09-12,200.292395,FRED,0.3060906671516831,4,2025
2025-09-15,200.419743,FRED,0.06356084191658756,0,2025
2025-09-16,200.113024,FRED,-0.15315553943427526,1,2025
2025-09-17,199.94239600000003,FRED,-0.0853021865552378,2,2025
2025-09-18,200.59670400000002,FRED,0.3267139622662579,3,2025
2025-09-19,199.33397200000002,FRED,-0.6314775394206146,4,2025
2025-09-22,199.644415,FRED,0.15561898727646287,0,2025
2025-09-23,199.836594,FRED,0.09621434335834694,1,2025
2025-09-24,200.01495,FRED,0.08921111572794777,2,2025
2025-09-25,199.97127799999998,FRED,-0.021836751926150484,3,2025
2025-09-26,200.41660800000002,FRED,0.22244937931926384,4,2025
2025-09-29,199.57408099999998,FRED,-0.4212739292233914,0,2025
2025-09-30,198.91607100000002,FRED,-0.33025187435789893,1,2025
2025-10-01,198.28338399999998,FRED,-0.31857422115170214,2,2025
2025-10-02,197.787905,FRED,-0.2501970085838875,3,2025
2025-10-03,198.61557300000004,FRED,0.4175892738987378,4,2025
2025-10-06,202.166952,FRED,1.7722688657606522,0,2025
2025-10-07,203.18759699999998,FRED,0.5035824363830764,1,2025
2025-10-08,204.49208,FRED,0.639957067094576,2,2025
2025-10-09,203.74016,FRED,-0.3683789650298986,3,2025
2025-10-10,202.733542,FRED,-0.49529406349151617,4,2025
2025-10-14,202.172817,FRED,-0.2769654494078938,1,2025
2025-10-15,202.560916,FRED,0.19177997152555915,2,2025
2025-10-16,202.381875,FRED,-0.08842780543126037,3,2025
2025-10-17,201.81802500000003,FRED,-0.27899579675517766,4,2025
2025-10-20,202.09178000000003,FRED,0.1355525607592443,0,2025
2025-10-21,203.168252,FRED,0.5312512691863303,1,2025
2025-10-22,202.97358799999998,FRED,-0.09586011375073697,2,2025
2025-10-23,203.46885600000002,FRED,0.2437089198947188,3,2025
2025-10-24,203.220036,FRED,-0.12236381958833052,4,2025
2025-10-27,204.084279,FRED,0.42437276758459636,0,2025
2025-10-28,202.04192,FRED,-1.0057840258086763,1,2025
2025-10-29,201.174413,FRED,-0.43029424530443827,2,2025
2025-10-30,202.68729899999997,FRED,0.7492134222316462,3,2025
2025-10-31,202.43710500000003,FRED,-0.12351466825369072,4,2025
2025-11-03,202.68095,FRED,0.12038220782238827,0,2025
2025-11-04,200.29062000000002,FRED,-1.1863655968497806,1,2025
2025-11-05,201.128961,FRED,0.4176887518772603,2,2025
2025-11-06,200.497779,FRED,-0.314312996009414,3,2025
2025-11-07,201.50349,FRED,0.50035319574652,4,2025
2025-11-10,202.60464300000004,FRED,0.5449807293975168,0,2025
2025-11-12,203.05778399999997,FRED,0.22340801529205123,2,2025
2025-11-13,204.02416,FRED,0.47478294214264904,3,2025
2025-11-14,203.44438399999999,FRED,-0.28457479714838435,4,2025
2025-11-17,204.53808,FRED,0.5361498183984751,0,2025
2025-11-18,204.434688,FRED,-0.05056180278619286,1,2025
2025-11-19,204.825051,FRED,0.19076546319272628,2,2025
2025-11-20,205.876539,FRED,0.5120458858809566,3,2025
2025-11-21,205.11980000000003,FRED,-0.36824651868713065,4,2025
2025-11-24,205.528624,FRED,0.19911150812869186,0,2025
2025-11-25,205.90962,FRED,0.18520208777710404,1,2025
2025-11-26,206.859464,FRED,0.46023101699823155,2,2025
2025-11-28,206.75346299999998,FRED,-0.05125613606401217,4,2025
2025-12-01,205.41991199999998,FRED,-0.6470848114276423,0,2025
2025-12-02,205.59611199999998,FRED,0.0857387549415379,1,2025
2025-12-03,206.90367799999996,FRED,0.6339738400847541,2,2025
2025-12-04,206.86894999999998,FRED,-0.016786030651363,3,2025
2025-12-05,206.92172000000002,FRED,0.02550565013276755,4,2025
2025-12-08,207.661069,FRED,0.35667172078406556,0,2025
2025-12-09,208.9242,FRED,0.6064232055014982,1,2025
2025-12-10,208.54422000000002,FRED,-0.18204016722195598,2,2025
2025-12-11,208.33542,FRED,-0.10017280645329815,3,2025
2025-12-12,208.021931,FRED,-0.15058653749565815,4,2025
2025-12-15,207.77802,FRED,-0.1173213356040931,0,2025
2025-12-16,207.88092,FRED,0.04951174734847782,1,2025
2025-12-17,208.3484,FRED,0.22462626927074036,2,2025
2025-12-18,208.239117,FRED,-0.05246580756610725,3,2025
2025-12-19,210.62559700000003,FRED,1.1395115146308794,4,2025
2025-12-22,211.180701,FRED,0.2632034292013726,0,2025
2025-12-23,210.81100500000002,FRED,-0.17521486291073923,1,2025
2025-12-24,210.448415,FRED,-0.17214574788242604,2,2025
2025-12-26,211.32519599999998,FRED,0.4157596587872259,4,2025
2025-12-29,210.68816999999999,FRED,-0.30189872414431435,0,2025
2025-12-30,210.63848000000002,FRED,-0.02358739957719492,1,2025
2025-12-31,210.84896,FRED,0.09987487052810426,2,2025
2026-01-01,211.26129308,currency-api,0.19536754113048221,3,2026
2026-01-02,211.13348206,currency-api,-0.06051733185306432,4,2026
2026-01-05,211.93790047,currency-api,0.3802759593802751,0,2026
2026-01-06,211.70950549,currency-api,-0.10782315619744286,1,2026
2026-01-07,211.09970366,currency-api,-0.2884526824980813,2,2026
2026-01-08,211.08661551,currency-api,-0.0062001772250229225,3,2026
2026-01-09,211.56910013,currency-api,0.22831103980334352,4,2026
2026-01-12,213.50232712,currency-api,0.9096072779361232,0,2026
2026-01-13,213.96111879,currency-api,0.2146578148648862,1,2026
2026-01-14,212.71211352,currency-api,-0.5854638834004585,2,2026
2026-01-15,212.16416855,currency-api,-0.25793168360188024,3,2026
2026-01-16,211.08936918,currency-api,-0.507876052744878,4,2026
2026-01-19,212.12433969,currency-api,0.4891016295194179,0,2026
2026-01-20,212.51054902,currency-api,0.18190188642531185,1,2026
2026-01-21,212.76674216,currency-api,0.12048288319380879,2,2026
2026-01-22,214.1528743,currency-api,0.649366746052108,3,2026
2026-01-23,212.86902243,currency-api,-0.6013067471151281,4,2026
2026-01-26,211.22310793,currency-api,-0.7762100006354099,0,2026
2026-01-27,211.12550405,currency-api,-0.046219582103029906,1,2026
2026-01-28,211.38905018,currency-api,0.12475128325923175,2,2026
2026-01-29,211.48594665,currency-api,0.0458274773501348,3,2026
2026-01-30,211.80898874,currency-api,0.15263218418485577,4,2026
2026-02-02,212.60717874,currency-api,0.3761359732328699,0,2026
2026-02-03,214.05355738,currency-api,0.6780020087268853,1,2026
2026-02-04,213.86162263,currency-api,-0.08970691942589232,2,2026
2026-02-05,212.41182678,currency-api,-0.6802213190552238,3,2026
2026-02-06,213.99783141,currency-api,0.7438911916338483,4,2026
2026-02-09,212.81328218,currency-api,-0.5550709593301297,0,2026
2026-02-10,209.94245456,currency-api,-1.3581704518325863,1,2026
2026-02-11,208.12631004,currency-api,-0.8688312059363623,2,2026
2026-02-12,208.54697359,currency-api,0.2019153660417249,3,2026
2026-02-13,208.56048577,currency-api,0.0064789922604070755,4,2026
2026-02-16,208.56272664,currency-api,0.001074440325229225,0,2026
2026-02-17,208.21348163,currency-api,-0.16759358371014674,1,2026
2026-02-18,209.03733185,currency-api,0.39489499552369967,2,2026
2026-02-19,208.56431139,currency-api,-0.2265415713546309,3,2026
2026-02-20,209.03156255,currency-api,0.22378159562926192,4,2026
2026-02-23,209.19350459,currency-api,0.07744253552325596,0,2026
2026-02-24,210.21245388,currency-api,0.48590215480331705,1,2026
2026-02-25,211.45973662,currency-api,0.5915905320729535,2,2026
2026-02-26,210.1204065,currency-api,-0.6353879079850663,3,2026
2026-02-27,210.49205711,currency-api,0.1767188273646805,4,2026
2026-03-02,210.81073893,currency-api,0.15128400939923772,0,2026
2026-03-03,210.0506454,currency-api,-0.3612088847891537,1,2026
2026-03-04,209.60371774,currency-api,-0.21299806136889798,2,2026
2026-03-05,210.55117662,currency-api,0.4510053309893336,3,2026
2026-03-06,211.65708265,currency-api,0.5238687471931021,4,2026
2026-03-09,211.78530741,currency-api,0.06056302672063222,0,2026
2026-03-10,212.8529034,currency-api,0.5028272125321533,1,2026
2026-03-11,212.67204077,currency-api,-0.08500683373284511,2,2026
2026-03-12,212.81363587,currency-api,0.06655693152596151,3,2026
2026-03-13,211.37235545,currency-api,-0.6795537787366192,4,2026
2026-03-16,212.07087513,currency-api,0.32992394879360415,0,2026
2026-03-17,212.27387183,currency-api,0.09567537571238069,1,2026
2026-03-18,212.16399934,currency-api,-0.05177318044281349,2,2026
2026-03-19,212.31930784,currency-api,0.07317531893629661,3,2026
2026-03-20,212.49432368,currency-api,0.08239653199242966,4,2026
2026-03-23,212.62154504,currency-api,0.059852559341505115,0,2026
2026-03-24,212.8810317,currency-api,0.12196715430291276,1,2026
2026-03-25,212.97882721,currency-api,0.04592849486654905,2,2026
2026-03-26,212.8278184,currency-api,-0.07092835111320786,3,2026
2026-03-27,212.66881771,currency-api,-0.0747365238205002,4,2026
2026-03-30,210.88741936,currency-api,-0.8411675701304624,0,2026
2026-03-31,209.97178848,currency-api,-0.4351252426510424,1,2026
2026-04-01,211.16560033,currency-api,0.5669480219254599,2,2026
2026-04-02,211.14521918,currency-api,-0.009652203578139713,3,2026
2026-04-03,210.65209838,currency-api,-0.23381894769531558,4,2026
2026-04-06,211.34502276,currency-api,0.3284027155845033,0,2026
2026-04-07,212.3949938,currency-api,0.49557424262629773,1,2026
2026-04-08,212.69544168,currency-api,0.1413571818852837,2,2026
2026-04-09,213.66752791,currency-api,0.4559907795449955,3,2026
2026-04-10,214.27776701,currency-api,0.28519510361030986,4,2026
2026-04-13,214.9725207,currency-api,0.323705920093417,0,2026
2026-04-14,215.64677625,currency-api,0.31315647291883847,1,2026
2026-04-15,215.38270902,currency-api,-0.12252863066765397,2,2026
2026-04-16,215.47694793,currency-api,0.043744597565661195,3,2026
2026-04-17,214.55166722,currency-api,-0.43033514762892716,4,2026
2026-04-20,214.91391148,currency-api,0.16869540371693154,0,2026
2026-04-21,215.22997829,currency-api,0.14695866866908644,1,2026
2026-04-22,215.11294448,currency-api,-0.05439095506993382,2,2026
2026-04-23,215.080997,currency-api,-0.014852594134093646,3,2026
2026-04-24,215.07118114,currency-api,-0.004563901103160664,4,2026
2026-04-27,215.33211378,currency-api,0.12125031339099127,0,2026
2026-04-28,215.70340565,currency-api,0.17227905594605383,1,2026
2026-04-29,216.13173898,currency-api,0.19837823567537935,2,2026
2026-04-30,214.03620966,currency-api,-0.9742919727139313,3,2026
2026-05-01,213.27368283,currency-api,-0.35689678745742,4,2026
2026-05-04,212.65774502,currency-api,-0.289219437249879,0,2026
2026-05-05,214.19966449,currency-api,0.7224549192467837,1,2026
2026-05-06,212.65105632,currency-api,-0.7256002574008248,2,2026
2026-05-07,212.70295449,currency-api,0.024402342020335314,3,2026
2026-05-08,213.59296742,currency-api,0.41755699616130154,4,2026
2026-05-11,214.11051374,currency-api,0.24201185887048499,0,2026
2026-05-12,213.45558172,currency-api,-0.3063538195287613,1,2026
2026-05-13,213.6900975,currency-api,0.10980600529165761,2,2026
2026-05-14,211.98261514,currency-api,-0.8022555673802026,3,2026
2026-05-15,211.58233769,currency-api,-0.18900410266872036,4,2026
2026-05-18,213.17725935,currency-api,0.7509796914994548,0,2026
2026-05-19,212.94016121,currency-api,-0.11128301873073168,1,2026
2026-05-20,213.46188471,currency-api,0.24470978286551784,2,2026
2026-05-21,213.54599905,currency-api,0.03939709044588275,3,2026
2026-05-22,213.84383201,currency-api,0.13937299700024083,4,2026
2026-05-25,214.3572519,currency-api,0.23980328650713925,0,2026
2026-05-26,214.22388791,currency-api,-0.062235120455222885,1,2026
2026-05-27,213.38697574,currency-api,-0.39143684586164135,2,2026
2026-05-28,214.09221041,currency-api,0.3299507122958499,3,2026
2026-05-29,214.352856,currency-api,0.12167049761516249,4,2026
2026-06-01,215.0187063,currency-api,0.3101513431346296,0,2026
2026-06-02,215.20315557,currency-api,0.0857461220122437,1,2026
2026-06-03,214.6363043,currency-api,-0.2637503773042655,2,2026
2026-06-04,214.79171304,currency-api,0.07237941657707167,3,2026
2026-06-05,213.8900111,currency-api,-0.42068659290182725,4,2026
2026-06-08,213.91927949,currency-api,0.01368291464885151,0,2026
2026-06-09,214.64054805,currency-api,0.336601423955638,1,2026
2026-06-10,214.78331188,currency-api,0.06649087234370057,2,2026
2026-06-11,214.99423704,currency-api,0.09815551206184817,3,2026
2026-06-12,214.77459025,currency-api,-0.10221625914994564,4,2026
2026-06-15,214.74427594,currency-api,-0.014115473119603096,0,2026
2026-06-16,215.24760405,currency-api,0.23411062548321948,1,2026
2026-06-17,213.85082693,currency-api,-0.6510310700694774,2,2026
2026-06-18,212.51700212,currency-api,-0.6256706394427595,3,2026
2026-06-19,213.41294243,currency-api,0.4206990576191002,4,2026
2026-06-22,214.04842037,currency-api,0.2973267122855816,0,2026
2026-06-23,213.18855761,currency-api,-0.40252317346609473,1,2026
2026-06-24,213.20034954,currency-api,0.00553106790785186,2,2026
2026-06-25,213.32096777,currency-api,0.056559064375092616,3,2026
2026-06-26,213.42878949,currency-api,0.050531591622496395,4,2026
2026-06-29,214.63662333,currency-api,0.5643235866416834,0,2026
2026-06-30,215.42895784,currency-api,0.36847189878106423,1,2026
2026-07-01,215.88479647,currency-api,0.21137225287256958,2,2026
2026-07-02,215.34186477,currency-api,-0.2518081722131671,3,2026
2026-07-03,215.44777277,currency-api,0.04916924313152316,4,2026
2026-07-06,216.75529267,currency-api,0.6050507242669961,0,2026
2026-07-07,216.80665699,currency-api,0.023694108895204118,1,2026
2026-07-08,217.64358964,currency-api,0.3852840189659524,2,2026
2026-07-09,217.04369125,currency-api,-0.2760139517428148,3,2026
2026-07-10,216.68126706,currency-api,-0.16712170577656815,4,2026
2026-07-13,216.83415431,currency-api,0.07053371059110546,0,2026
2026-07-14,217.30286455,currency-api,0.2159274154242094,1,2026
2026-07-15,219.41959716,currency-api,0.9693795814436511,2,2026
2026-07-16,218.64801855,currency-api,-0.3522649838563655,3,2026
2026-07-17,218.47559779,currency-api,-0.07888879140676064,4,2026
2026-07-20,218.29632436,currency-api,-0.0820901852779022,0,2026
2026-07-21,218.34913664,currency-api,0.024190005381748717,1,2026
2026-07-22,218.33030826,currency-api,-0.008623433152889779,2,2026
2026-07-23,218.09815619,currency-api,-0.10638723676690323,3,2026
2026-07-24,218.31703569,currency-api,0.10030792805794563,4,2026
2026-07-27,217.72008724,currency-api,-0.27380642222939133,0,2026
2026-07-28,217.66213971,currency-api,-0.026619152898412646,1,2026
2026-07-29,218.263454,currency-api,0.2758794987297949,2,2026
2026-07-30,216.27428001,currency-api,-0.9155420710145366,3,2026
2026-07-31,212.50523167,currency-api,-1.7580809327288893,4,2026
2026-08-03,211.71637998,currency-api,-0.3719058989829154,0,2026
2026-08-04,211.81549354,currency-api,0.04680335436649002,1,2026
2026-08-05,212.38503362,currency-api,0.26852414636843847,2,2026
2026-08-06,213.05658827,currency-api,0.31569793513465255,3,2026
